<!-- This file contain patch Metadata -->
<results md5_sum="5140058016fc2a27ad2294630f92906d">
  <generated_date in_epoch_ms="1481091633000">2016-12-07 06:20:33</generated_date>
  <patch has_prereqs="y" has_postreqs="n" is_system_patch="n"> 
    <bug> 
      <number>23638365</number>
      <abstract><![CDATA[Using SSH keys in named credential will show error "Algorithm negotiation fail"]]></abstract>
    </bug> 
    <name>23638365</name>
    <type>Patch</type>
    <status>Available</status>
    <access id="m">Open access</access> 
    <url> 
      <patch_readme host="https://updates.oracle.com"><![CDATA[/Orion/Services/download?type=readme&aru=20829218]]></patch_readme> 
      <patch_details><![CDATA[/download/23638365.html]]></patch_details>
    </url> 
    <request_id>20829218</request_id>
    <product id="12383" bugdb_id="1370"><![CDATA[Enterprise Manager Base Platform]]></product> 
    <release id="6000000000121416081601" name="13.1.0.0.160816" platform_patch_not_required="Y" psu="Y" cc="Y"><![CDATA[Enterprise Manager Base Platform - Agent 13.1.0.0.160816]]></release> 
    <platform id="2000" bugdb_id="289"><![CDATA[Generic Platform]]></platform> 
    <language id="0" iso_code="EN"><![CDATA[American English]]></language> 
    <translations_available>No</translations_available> 
    <classification id="174">General</classification> 
    <patch_classification id="174">General</patch_classification> 
    <support_level id="G">General Support</support_level> 
    <entitlements> 
      <entitlement code="SW"/> 
    </entitlements> 
    <patch_relationships> 
      <related_patch> 
        <bug> 
          <number>24308442</number>
          <abstract><![CDATA[EM-AGENT Bundle Patch 13.1.0.0.160816]]></abstract>
        </bug> 
        <relation_types> 
          <relation_type>Prereq</relation_type> 
        </relation_types> 
        <name>24308442</name>
        <type>Patch</type>
        <patch_details><![CDATA[/Orion/Services/search?bug=24308442&release=600000000012141]]></patch_details>
      </related_patch> 
    </patch_relationships> 
    <fixes_bugs truncated="no"> 
      <bug> 
        <number>23638365</number>
        <abstract><![CDATA[Using SSH keys in named credential will show error "Algorithm negotiation fail"]]></abstract>
      </bug> 
    </fixes_bugs> 
    <size>44529</size>
    <files> 
      <file> 
        <name>p23638365_13100160816_Generic.zip</name>
        <size>44529</size>
        <download_url host="https://updates.oracle.com"><![CDATA[/Orion/Services/download/p23638365_13100160816_Generic.zip?aru=20829218&patch_file=p23638365_13100160816_Generic.zip]]></download_url> 
        <digest type="SHA-1">247E430CBBBD5F3B2B9486ECF15EE56CEE0BABD6</digest> 
        <digest type="MD5">7A1E717771DE70177ED147051694FDF8</digest> 
      </file> 
    </files> 
    <downloads_count>0</downloads_count>
    <updated_date in_epoch_ms="1481091561000">2016-12-07 06:19:21</updated_date> 
    <released_date in_epoch_ms="1475496447000">2016-10-03 12:07:27</released_date> 
    <prereqs>
      <prereq install_step="1">
        <bug> 
          <number>24308442</number>
          <abstract><![CDATA[EM-AGENT Bundle Patch 13.1.0.0.160816]]></abstract>
        </bug> 
        <name>24308442</name>
        <type>Patch</type>
        <status>Available</status>
        <access id="m">Open access</access> 
        <request_id>20461296</request_id>
        <product id="12383" bugdb_id="1370"><![CDATA[Enterprise Manager Base Platform]]></product> 
        <release id="600000000012141" name="13.1.0.0.0" platform_patch_not_required="N"><![CDATA[Enterprise Manager Base Platform - Agent 13.1.0.0.0]]></release> 
        <platform id="2000" bugdb_id="289"><![CDATA[Generic Platform]]></platform> 
        <language id="0" iso_code="EN"><![CDATA[American English]]></language> 
        <entitlements> 
          <entitlement code="SW"/> 
        </entitlements> 
        <files> 
          <file> 
            <name>p24308442_131000_Generic.zip</name>
            <size>18339531</size>
            <download_url host="https://updates.oracle.com"><![CDATA[/Orion/Services/download/p24308442_131000_Generic.zip?aru=20461296&patch_file=p24308442_131000_Generic.zip]]></download_url> 
            <digest type="SHA-1">3B0D33868C03F5278357E0514ABF7283AA9EC6A5</digest> 
            <digest type="MD5">EF3BC413FCABE8F2D133225B6AC4454B</digest> 
          </file> 
        </files> 
      </prereq> 
    </prereqs>
  </patch> 
</results>
