<oneoff_actions>
    <oracle.sysman.top.agent version="13.1.0.0.0" opt_req="R" symbol="oracle.sysman.agent.symbol">
        <jar name="emagentSDKImpl.jar" path="%ORACLE_HOME%/%SYMBOL%/sysman/jlib" class_name="/sysman/jlib/emagentSDKImpl.jar/oracle/sysman/gcagent/sshclient/SSHProcessBuilder.class"/>
        <jar name="emagentSDKImpl.jar" path="%ORACLE_HOME%/%SYMBOL%/sysman/jlib" class_name="/sysman/jlib/emagentSDKImpl.jar/oracle/sysman/gcagent/sshclient/SSHProcessBuilder$SSHCredential.class"/>
        <jar name="emagentSDKImpl.jar" path="%ORACLE_HOME%/%SYMBOL%/sysman/jlib" class_name="/sysman/jlib/emagentSDKImpl.jar/oracle/sysman/gcagent/sshclient/SSHProcessBuilder$SSHUserInfo.class"/>
        <jar name="emagentSDKImpl-intg.jar" path="%ORACLE_HOME%/%SYMBOL%/sysman/jlib" class_name="/sysman/jlib/emagentSDKImpl-intg.jar/oracle/sysman/gcagent/sshclient/SSHProcessBuilder.class"/>
        <jar name="emagentSDKImpl-intg.jar" path="%ORACLE_HOME%/%SYMBOL%/sysman/jlib" class_name="/sysman/jlib/emagentSDKImpl-intg.jar/oracle/sysman/gcagent/sshclient/SSHProcessBuilder$SSHCredential.class"/>
        <jar name="emagentSDKImpl-intg.jar" path="%ORACLE_HOME%/%SYMBOL%/sysman/jlib" class_name="/sysman/jlib/emagentSDKImpl-intg.jar/oracle/sysman/gcagent/sshclient/SSHProcessBuilder$SSHUserInfo.class"/>
        <jar name="emConfigInstall.jar" path="%ORACLE_HOME%/%SYMBOL%/jlib" class_name="/jlib/emConfigInstall.jar/oracle/sysman/gcagent/sshclient/SSHProcessBuilder.class"/>
        <jar name="emConfigInstall.jar" path="%ORACLE_HOME%/%SYMBOL%/jlib" class_name="/jlib/emConfigInstall.jar/oracle/sysman/gcagent/sshclient/SSHProcessBuilder$SSHCredential.class"/>
        <jar name="emConfigInstall.jar" path="%ORACLE_HOME%/%SYMBOL%/jlib" class_name="/jlib/emConfigInstall.jar/oracle/sysman/gcagent/sshclient/SSHProcessBuilder$SSHUserInfo.class"/>
        <jar name="gcagent_core.jar" path="%ORACLE_HOME%/%SYMBOL%/jlib" class_name="/jlib/gcagent_core.jar/oracle/sysman/gcagent/sshclient/SSHProcessBuilder.class"/>
        <jar name="gcagent_core.jar" path="%ORACLE_HOME%/%SYMBOL%/jlib" class_name="/jlib/gcagent_core.jar/oracle/sysman/gcagent/sshclient/SSHProcessBuilder$SSHCredential.class"/>
        <jar name="gcagent_core.jar" path="%ORACLE_HOME%/%SYMBOL%/jlib" class_name="/jlib/gcagent_core.jar/oracle/sysman/gcagent/sshclient/SSHProcessBuilder$SSHUserInfo.class"/>
    </oracle.sysman.top.agent>
</oneoff_actions>