<oneoff_inventory>
    <opack_version version="13.2.0.2.7"/>
    <patch_id number="23638365"/>
    <unique_patch_id>20829218</unique_patch_id>
    <minimum_opatch_version>13.1.0.1.0</minimum_opatch_version>
    <temp_unique_patch_id>-1481088957</temp_unique_patch_id>
    <cannot_autorollback>false</cannot_autorollback>
    <date_of_patch year="2016" month="Dec" day="6" time="21:35:57 hrs" zone="PST8PDT"/>
    <base_bugs>
        <bug number="23638365" description="Using SSH keys in named credential will show error 'Algorithm negotiation fail'"/>
    </base_bugs>
    <required_components>
        <component internal_name="oracle.sysman.top.agent" version="13.1.0.0.0" opt_req="R"/>
    </required_components>
    <os_platforms>
        <platform name="Generic Platform 1" id="0"/>
    </os_platforms>
    <executables></executables>
    <instance_shutdown>false</instance_shutdown>
    <instance_shutdown_message></instance_shutdown_message>
    <online_rac_installable>true</online_rac_installable>
    <run_as_root>false</run_as_root>
    <sql_migrate>false</sql_migrate>
    <wls_prereq_oneoffs></wls_prereq_oneoffs>
    <prereq_oneoffs>
        <prereq oneoff_id="24308442"/>
    </prereq_oneoffs>
    <coreq_oneoffs></coreq_oneoffs>
    <overlay_oneoffs>
        <overlay oneoff_id="24308442"/>
    </overlay_oneoffs>
    <patch_type value="singleton"/>
    <patch_language value="en"/>
    <product_family value="db"/>
    <patching_model value="one-off"/>
    <auto>false</auto>
    <translatable>false</translatable>
    <applicable_product/>
    <products></products>
    <update_components></update_components>
</oneoff_inventory>
